{"cameraMode":{"drawMode":0,"name":"Shaded","section":"Shading Mode"},"sceneLighting":true,"audioPlay":false,"sceneViewState":{"m_AlwaysRefresh":false,"showFog":true,"showSkybox":true,"showFlares":true,"showImageEffects":true,"showParticleSystems":true,"showVisualEffectGraphs":true,"m_FxEnabled":true},"in2DMode":false,"pivot":{"x":321.3050537109375,"y":331.6999206542969,"z":43.80047607421875},"rotation":{"x":0.06445030122995377,"y":-0.011680099181830883,"z":0.0007541438681073487,"w":0.9978446364402771},"size":10.449999809265137,"orthographic":true}